Type,Filter,TRUTH.TOTAL,TRUTH.TP,TRUTH.FN,QUERY.TOTAL,QUERY.FP,QUERY.UNK,FP.gt,FP.al,METRIC.Recall,METRIC.Precision,METRIC.Frac_NA,METRIC.F1_Score,TRUTH.TOTAL.TiTv_ratio,QUERY.TOTAL.TiTv_ratio,TRUTH.TOTAL.het_hom_ratio,QUERY.TOTAL.het_hom_ratio
INDEL,ALL,138,7,131,6623,6616,0,0,8,0.050725,0.001057,0.0,0.002071,,,,
INDEL,PASS,138,5,133,133,128,0,0,0,0.036232,0.037594,0.0,0.0369,,,,
SNP,ALL,2101,121,1980,23253,23132,0,0,315,0.057592,0.005204,0.0,0.009545,0.5231586940015186,1.2512100677637947,,1787.5384615384614
SNP,PASS,2101,120,1981,2811,2691,0,0,290,0.057116,0.042689,0.0,0.04886,0.5231586940015186,3.2916030534351144,,
