Type,Filter,TRUTH.TOTAL,TRUTH.TP,TRUTH.FN,QUERY.TOTAL,QUERY.FP,QUERY.UNK,FP.gt,FP.al,METRIC.Recall,METRIC.Precision,METRIC.Frac_NA,METRIC.F1_Score,TRUTH.TOTAL.TiTv_ratio,QUERY.TOTAL.TiTv_ratio,TRUTH.TOTAL.het_hom_ratio,QUERY.TOTAL.het_hom_ratio
INDEL,ALL,6,1,5,187,186,0,0,1,0.166667,0.0053479999999999995,0.0,0.010362999999999999,,,,
INDEL,PASS,6,1,5,4,3,0,0,0,0.166667,0.25,0.0,0.2,,,,
SNP,ALL,76,2,74,1014,1012,0,0,8,0.026316000000000003,0.001972,0.0,0.00367,0.6888888888888889,1.2139737991266375,,1013.0
SNP,PASS,76,2,74,67,65,0,0,4,0.026316000000000003,0.029851,0.0,0.027972000000000004,0.6888888888888889,3.7857142857142856,,
